{
  "HTTP Request-1" : {
    "transaction" : "HTTP Request-1",
    "sampleCount" : 1,
    "errorCount" : 0,
    "errorPct" : 0.0,
    "meanResTime" : 175.0,
    "minResTime" : 175.0,
    "maxResTime" : 175.0,
    "pct1ResTime" : 175.0,
    "pct2ResTime" : 175.0,
    "pct3ResTime" : 175.0,
    "throughput" : 5.714285714285714,
    "receivedKBytesPerSec" : 48.666294642857146,
    "sentKBytesPerSec" : 1.0267857142857144
  },
  "Total" : {
    "transaction" : "Total",
    "sampleCount" : 3,
    "errorCount" : 0,
    "errorPct" : 0.0,
    "meanResTime" : 444.0,
    "minResTime" : 175.0,
    "maxResTime" : 667.0,
    "pct1ResTime" : 667.0,
    "pct2ResTime" : 667.0,
    "pct3ResTime" : 667.0,
    "throughput" : 4.497751124437781,
    "receivedKBytesPerSec" : 26.12853729385307,
    "sentKBytesPerSec" : 1.4494705772113943
  },
  "HTTP Request-0" : {
    "transaction" : "HTTP Request-0",
    "sampleCount" : 1,
    "errorCount" : 0,
    "errorPct" : 0.0,
    "meanResTime" : 490.0,
    "minResTime" : 490.0,
    "maxResTime" : 490.0,
    "pct1ResTime" : 490.0,
    "pct2ResTime" : 490.0,
    "pct3ResTime" : 490.0,
    "throughput" : 2.0408163265306123,
    "receivedKBytesPerSec" : 0.4025829081632653,
    "sentKBytesPerSec" : 0.6198182397959183
  },
  "HTTP Request" : {
    "transaction" : "HTTP Request",
    "sampleCount" : 1,
    "errorCount" : 0,
    "errorPct" : 0.0,
    "meanResTime" : 667.0,
    "minResTime" : 667.0,
    "maxResTime" : 667.0,
    "pct1ResTime" : 667.0,
    "pct2ResTime" : 667.0,
    "pct3ResTime" : 667.0,
    "throughput" : 1.4992503748125936,
    "receivedKBytesPerSec" : 13.064268646926536,
    "sentKBytesPerSec" : 0.7247352886056971
  }
}